生死桥, 李碧华, 23.0 
重读: 在咖啡馆遇见14个作家, 唐诺, 56.00 
周夢蝶詩文集, 周夢蝶, NT$1160 
树犹如此, 白先勇, 39.00元 
七声, 葛亮, 28.00元 
小说稗类, 张大春, 33.00元 
夏宇詩集／Salsa, 夏宇, NT$320 
東課樓經變, 費瀅, NT$280 
突然我記起你的臉: 智慧田005, 黃碧雲, NT$180 
無愛紀: 智慧田029, 黃碧雲, TWD250 
简媜散文, 简媜、伊始（编）, 15.0 
鳄鱼手记, 邱妙津, 32.00元 
她是女子，我也是女子, 黃碧雲, HK$47 
天工开物·栩栩如真: “自然史”三部曲之一, 董启章, 29.00元 
我城, 西西, 26.00元 
沉默。暗啞。微小。: 智慧田057, 黃碧雲, 230 
荒人手记, 朱天文, 25.00 
女儿红, 简媜, 18.00元 
我愛過的那個時代: 當時，我們以為可以改變世界, 川本三郎, NT.280 
夏宇詩集／腹語術, 夏宇, 1991-3-15 
寂寞的十七岁, 白先勇, 39.00元 
伤心咖啡店之歌, 朱少麟, 25.00元 
世纪末的华丽: 小说集1988-1990, 朱天文, 18.00元 
時裝時刻: my fashion moments 87-07, 黎堅惠, 港币150元 
像我这样的一个女子, 西西, 22.00元 
阅读的故事, 唐诺, 32.00元 
屁眼文化, 約翰•高登醫師（Dr.JeanGordin）、奧立維爾•瑪帝醫師（Dr.OlivierMarty）, 台币320.00 
布考斯基煮了七十年的一鍋東西, 查理．布考斯基, NT$330 
胭脂扣, 李碧华, 18.00元 
像我这样的一个读者, 西西, 42 
怎樣製造一顆核子彈, 法蘭克·巴納比, NT$200 
煮海时光: 侯孝贤的光影记忆, [美]白睿文, 69.00元 
備忘錄, 夏宇, 1987 
牯嶺街少年殺人事件: 一部不一樣電影的分鏡劇本, 楊德昌、鴻鴻、楊順清、賴銘棠, NT200 
詩60首, 夏宇, NT380 
痛快日记, 蔡康永, 170 
亞細亞的孤兒, 吳濁流, 180元 
刹那, 周梦蝶, 19.80元 
初夏荷花时期的爱情, 朱天心, 26.00元 
温柔与暴烈, 黄碧云, HK$40.00 
辛波斯卡, WislawaSzymborska, NT$270 
男性多重高潮, Chia,Mantak、Abrams,RachelCarlton, 290TWD 
清末民初的粵語書寫, 李婉薇, HK$128.00 
这些人，那些事, 吴念真, 28.00元 
摩擦．無以名狀, 夏宇, 79.00 
天桥上的魔术师, 吴明益, 28.00元 
哀豔是童年, 胡淑雯, NT$230 
城邦暴力团（上）, 张大春, 36.00元 
慢慢快活: 好想懶惰, 歐陽應霽編集, 新台币300元 
纽约客, 白先勇, 32.00元 
世间的名字, 唐诺, 39.00元 
西夏旅馆, 骆以军, 78.00元 
霸王别姬 青蛇, 李碧华, 21.00元 
遣悲怀, 骆以军, 32.00元 
淡江记, 朱天文, 32.00元 
平壤水族馆: 我在北韩古拉格的十年, 姜哲煥、皮耶·李古樂, NT$300 
朝鮮聞見錄, 胡成, HKD138.00 
七種靜默, 黃碧雲, HK$60 
弱水三千: 梁文道書話, 梁文道, 港币59元 
媚行者, 黃碧雲, HK$60 
我终究是爱你的, 张小娴, 20.00元 
青蛇, 李碧华, 16.00元 
許舜英購物日記, 許舜英, NT$340 
地圖集: 一個想像的城市的考古學, 董啟章著、楊智恆繪, NT260 
民國政府的西藏專使（1912–1949）, 朱麗雙, HK$190.00 
生於天橋底, 黃偉文, HKD120 
笑红尘, 古龙、陈舜仪整理, 46.00元 
旧时月色, 董桥, 20.00元 
流金岁月, （香港）亦舒, 9.80元 
在他鄉寫作, 哈金, 104.00元 
体育时期, 董启章, 35.00元 
蜂蜜綠茶, JohnHo, HKD108.00 
潮骚, 黄伟文, 2005 
学飞的盟盟, 朱天心文、谢海盟绘, 28.00元 
我执, 梁文道, 35.00元 
停车暂借问: 赵宁静的传奇, 钟晓阳, 25.00元 
房間: 作為「精神病患」的政治、欲望或壓抑, 李智良、郭詩詠(編), HK$75 
在巴洛克與禪之間尋找電影的空缺: 馬克斯歐弗斯與小津安二郎電影中美學的呈現, 王志欽, NTD380 
地底三万尺, 朱少麟, 25.00元 
坦白说，亲爱的, 迈克, 32.00元 
LA流浪记, 蔡康永, 22.00元 
超越聲音藝術: 前衛主義、聲音機器、聽覺現代性, 林其蔚, NT450 
喜宝, 亦舒, 22.00元 
有一天啊，宝宝……, 蔡康永, 22.00元 
蒙马特遗书, 邱妙津, 28.00元 
浮生三记, 沈君山, 18.00 
帝國: 俄羅斯五十年, RyszardKapuściński（瑞斯札德．卡普欽斯基）, 152.00元 
胡子有脸, 西西, 42.00 
咖啡馆里的交换故事: 35 x story, 萧雅全等, NT320 
黄金盟誓之书, 朱天文, 35.00 
七宗罪: 智慧田001, 黃碧雲, NT$200 
城邦暴力团（下）, 张大春, 36.00元 
一九四九：傷痕書寫與國家文學, 王德威, HK$68 
精神分析辭彙, 作者：尚．拉普朗虛（JeanLaplanche）及尚-柏騰．彭大歷斯（J.-B.Pontalis）, NT$1800 
离魂, 张大春, 15.80元 
燕子, 朱少麟, 23.00元 
血路: 革命中国中的沈定一（玄庐）传奇, 萧邦奇, 16.00元 
时光队伍, 苏伟贞, 28.00元 
空灵: 简媜读山水诗, 简媜, 20.00元 
父后七日, 刘梓洁, 22.00元 
香港味道1: 酒楼茶室精华极品, 欧阳应霁, 39.80元 
破事儿, 彭浩翔, 22.00 
相遇, 周保松, HK$68.00 
玫瑰的故事, 亦舒, 25.00元 
成為「日本人」: 殖民地臺灣與認同政治, 荊子馨(LeoChing), 2006-1-16 
孽子: 孽子, 白先勇, 21.80元 
席慕蓉经典作品, 席慕蓉, 22.80元 
黃土與中國農業的起源, 何炳棣, 港幣十五元 
春在绿芜中, 钟晓阳, 28.00元 
猎人们, 朱天心, 24.00元 
摩西五經, 摩西, HK$108.00 
风格练习, 陈宁, 32.00元 
缝熊志, 西西, 38.00元 
十方一念, 林夕, 68.00元 
聆听父亲, 张大春, 25.00元 
台灣書店地圖, 陸妍君, 180.00元 
水问, 简媜, 18.00元 
靠窗的位子, 光線剛好。: 我在英國皇家藝術學院, 李瑾倫, NT$300 
我们, 骆以军, 35.00元 
那些男孩教我的事, 蔡康永, 28.00元 
筆紙中國畫, 趙廣超, HK$198.00 
我們: 移動與勞動的生命記事, 顧玉玲, 140.00元 
似是故人来, 林夕, HK$49 
我读, 梁文道主讲、凤凰卫视出版中心编, 32.00元 
四代香港人, 呂大樂, 2007 
就算天空再深: 零八零九无常世, 林夕, 27.00元 
同志性愛聖經, 麥可·湯瑪斯·福特、MichaelThomasFord, NT$999 
周代城邦, 杜正勝, NT$120 
十二女色: 當代小說家15, 黃碧雲, 340TWD 
花花世界, 智海, 29.00元 
陽台好好玩, MyGarden花草遊戲編輯部, NTD250.00 
日本蛋糕名店的私藏秘方, 永瀨正人, NT160 
巫言, 朱天文, 35.00 
拜託！不要每個人都一樣, 曲家瑞, 新台币260元 
原来你非不快乐, 林夕, 23.80元 
关于岁月的隐秘情事, 马家辉, 24.00元 
讀書便佳, 董橋, HKD100 
殖民無間道, 羅永生, HK$96 
歷史與怪獸：歷史，暴力，敘事: 歷史，暴力，敘事, 王德威, NT$300 
不文集, 黃霑, 76.00 
中國古代的「忠」論研究, 佐藤將之, 140.00元 
放鳥過來！：性愛女寫手的嗆辣記事, 鳥來伯, 250 
音樂大歷史: 從巴比倫到披頭四, 霍華‧古鐸（HowardGoodall）, NT$450 
忘記憂愁的地方: 台客與導演的阿里山之旅, 李鼎、徐君豪, 新台币320元 
画眉记, 朱天文, 17.00元 
東京．角落: 手繪達人私房景點之旅, 菅澤佳代, NTD260.00 
我們在此撤離，只留下光, 廖偉棠, 2007 
开到荼蘼, 亦舒, 18.00元 
高处眼亮: 林怀民舞蹈岁月告白, 林怀民, 30.00元 
梦游书, 简媜, 23.00元 
手卷, 西西, 38.00 
四喜忧国, 张大春, 29.80元 
只缘身在此山中, 简媜, 18.00元 
古都, 朱天心, 16.00元 
百年好合: 民国素人志, 蒋晓云, 32.00元 
空想科學讀本, 柳田理科雄, NT$240 
偽科學鑑證1, 小克, HK$88 
何炳棣思想制度史論, 何炳棣, 2013-1-1 
仙人掌的自由时光: SABOTEN STYLE 手作的创意幸福生活, 羽兼直行, 96.00元 
傾城, 三毛, 170TWD 
不如去流浪, 羅智成、賴香吟等, 新台币380元 
天涯海角: 福尔摩沙抒情志, 简媜, 28.00元 
我开始轻视语言, 张家瑜, 29.50元 
如果墙会说话, 亦舒, 18.00元 
下課後的台灣小旅行, 貓。果然如是, 定價:NT$300 
旧情复燃, 简媜, 23.00元 
人情·世故, 林夕, 29.00元 
體物入微: 物與身體感的研究, 余舜德、李尚仁、林淑蓉、陳元朋、郭奇正、張珣、蔡怡佳、蔡璧名、鍾蔚文、顏學誠、ElisabethHsu, 定價400元 
G片工場: 那些鹹碟、那些男星、那些趣聞和異事, 邵祺邁, 300TWD 
後殖民誌: 智慧田051, 黃碧雲, TWD250 
鱷魚手記, 邱妙津, NT240 
帝國的慰安婦: 殖民統治與記憶政治, 朴裕河, NT$450 
不乖蔡康永－同情我可以親我, 蔡康永, 160 
公主之死: 你所不知道的中国法律史, 李贞德, 12.00元 
花草生活家, 台視文化生活企編部, NTD168.00 
传说, 朱天文, 29.00元 
丝慕巴黎, 郭正佩, 128.00元 
心机母女, 小S（徐熙娣）, 新台币250 
飘零一家: 从大陆到台湾的父子残局, 亮轩, 36.00元 
美容大王, 徐熙媛, 25.00元 
胭脂扣 生死桥, 李碧华, 29.00元 
印度墨, 亦舒, 19.00元 
读中文系的人: 真是想让你知道,文学是永恒感人的, 林文月, 25.00元 
总有一次哭泣，让人瞬间长大, 黄桐, 32.8 
明信片旅行主義, 顏忠賢, 新台币420元 
智慧書, 馮象, NT580 
微晕的树林, 简媜, 20.00元 
再錯也要談戀愛, 蔡康永, 台币180元 
胭脂盆地, 简媜, 23.00元 
曾经: 林夕90前后, 林夕, 28.00 
孤琴, 巫宁坤, 320（NT＄） 
孩子你慢慢来, 龙应台, 28.00元 
一千零一妙方, 亦舒, hk49 
我的前半生, 亦舒, 22.00元 
中国现代史, 张玉法, 台湾东华书局股份有限公司 
寻秦记, 黄易, 138.0 
故事, 董桥, 38.00 
青春念想, 白先勇, 24.00元 
滚石30: 1981～专辑全记录, 段书佩主编, 88.00元 
纵横四海, 亦舒, HKD45 
悲情城市, 朱天文, 16.00元 
桂花巷, 蕭麗紅, NT.300 
炎夏之都, 朱天文, 25.00元 
頂尖設計師的自我經營學, CatharineFishel, 320台币 
致我們的朋友: 資本主義反抗宣言, 隱形委員會Comitéinvisible, NT$320 
俗, 黄伟文, CNY28.00 
风中的费洛蒙, 陈升, 28.00元 
黑色的歌, 辛波絲卡(WislawaSzymborska), NT$320 
野火集: 二十年纪念版, 龙应台, 25.00元 
答同代人, 董启章, 29.00元 
生活十讲, 蒋勋, 26.00元 
揚眉女子, 黃碧雲, 1987 
微晕的树林, 簡媜, NTD280.00 
亲爱的安德烈, 龙应台、[德]安德烈, 26.00 
关于方文山的素颜韵脚诗, 方文山, 25.00元 
靜止在: 最初與最終, 袁哲生, NT$350 
七里香: 七里香, 席慕蓉, 18.00元 
文字是肉做的, 董桥, 28.00 
Happy Birth Day: 摇滚诗的诞生与转生, 阿信, 32.00元 
不用讀完一本書, Bayard,Pierre, 260TWD 
饺子, 李碧华, 20.00元 
好音樂的科學: 破解基礎樂理和美妙旋律的音階秘密, JohnPowell, 大寫出版 
紅樓夢西游記: 細評紅樓夢新英譯, 林以亮, NT150 
人在欧洲, 龙应台, 7.80元 
逛书架: 16开铜板彩印, 逛书架编辑小组, 48.00元 
小S之怀孕日记, 徐熙娣, 25.00元 
又见棕榈 又见棕榈, 於梨华, 1.30 
我愛花花世界, 米力, NT$250 
遥远的乡愁: 台湾现代民歌三十年, 重返61号公路, 28.00元 
夜奔（电影剧本）: 夜奔（電影劇本）Fleeing by Night, 王蕙玲, 250元 
巨流河, 齐邦媛, 39.00元 
忠孝公园, 陈映真, 24.00元 
死在这里也不错, 马家辉, 24.80 
花忆前身, 朱天文, 14.00元 
雜貨talk, Fion強, NT$220 
盛世恋: 台湾文学 短篇小说卷, 黄碧云, 15.8 
小S牙套日记, 徐熙娣, 20.00元 
邊境, 沃伊切赫.古瑞茨基(WojciechGórtcki), 新台幣350元 
她的二三事, 亦舒, 18.00元 
三月曝书, 林文月, 25.00 
毫无代价唱最幸福的歌, 林夕, 25.00元 
一花一葉的簡單生活, 陳姿蘭, NTD299.00 
茶韻茗事： 故宮茶話: 故宮茶話, 廖寶秀, NT$700 
L.I.F.E., 方大同, RMB100 
一个人的电影 2008-2009, 许鞍华、陈可辛, 25.00元 
Moleskine「傳奇筆記本」的活用術: 激發你記錄、創意與個性的75種使用方法, 堀正岳、中牟田洋子, NT$330 
流浪集: 也及走路、喝茶与睡觉, 舒国治, 26.00元 
我的我的天: 应霁漫画前传, 欧阳应霁, 28.00元 
你睡不著我受不了, 蔡康永, NT$150 
击壤歌, 朱天心, 24.80元 
童女之舞, 曹麗娟, 160 
龐克的哲學: 不只是噪音, 克雷格‧歐哈拉, NT$280 
最後的黃埔：老兵與離散的故事, 齊邦媛、王德威, 280NT 
房思琪的初恋乐园, 林奕含, 45.00元 
給冥王星, 張惠菁, 100.00元 
書寫與影像: 法國思想，在地實踐, 楊凱麟, NT$590 
波希米亚香港, 廖伟棠, 27.00元 
龙应台评小说, 龙应台, 14.40 
食光記憶: 12則鄉愁的滋味, 胡川安、郭婷、郭忠豪, NT$350 
欢乐英雄, 古龙, 28.00元 
今朝风日好, 董桥, 39.00元 
常识, 梁文道, 38.00 
她比烟花寂寞, （香港）亦舒, 9.80 
YILAN的台灣生活滋味, 葉怡蘭, NTD320 
历史激流：杨宽自传, 杨宽, CNY380 
茶余酒后金瓶梅, 郑培凯, 25.00元 
聲色盒子: 音效大師杜篤之的電影路, 張靚蓓, NT$350 
私房話, 岡尾美代子, NT$250.00 
下午茶话题, 朱天文、朱天心、朱天衣, 28.00元 
阅读是最浪漫的教养: 一位教养专家给双胞胎女儿的32份浪漫生活清单, 李伟文、双胞胎AB宝, 32.80元 
告别式从明天开始, 张家瑜, 32.00 
明暗: 源于影像的微琐絮语, 马家辉, 32.00元 
以箭为翅, 简媜、徐学编, 20.00元 
瘖啞與傾聽: 精神分析早期历史研究, 沈志中, 新台币420 
德芬郡奶油, 亦舒, 港币60 
目送, 龙应台, 39.00元 
从你美丽的流域, 张晓风, 20.00元 
慾望巴黎: 凱薩琳的性愛自傳, 凱薩琳·米雷, NTW270.00 
曾經深愛過: 亦舒系列55, 亦舒, hkd49 
我要活下去, 梁凤仪, 14.60 
阿修罗, 亦舒, 20.00元 
戀愛0.01的距離: 戀愛0.01的距離, 高以翔, NT$320 
電影敘事: 劇情片中的敘述活動, DavidBordwell, NT$600 
爱的一百个提醒, 许常德, 25.00 
千江有水千江月, 萧丽红, 22.00元 
洪荒三疊, 柯裕棻, NT$280 
温柔的夜, 三毛, 28.00元 
昨日书, 马世芳, 39.00元 
香港粤语流行歌词研究Ⅰ: 七十年代中期至八十年代中期, 朱耀伟, HKD120 
宇宙與歷史: 永恆回歸的神話, M.耶律亚德, 200TWD 
原鄉人: 族群的故事, 王德威, 280元 
圆舞, [加]亦舒, 17.00元 
怨女, 张爱玲, 29.80元 
潘金莲之前世今生 诱僧, 李碧华, 15.00元 
白先勇作品集, 白先勇, 9,000TWD 
大唐双龙传, 黄易, 318.00 
裙拉褲甩, 游靜, 250NTW 
我不是完美小孩, 幾米, 38.00元 
梦里花落知多少, 三毛, 28.00元 
挖開兔子洞: 深入解讀愛麗絲漫遊奇境, 路易斯·卡洛爾(LewisCarroll)原著、約翰·田尼爾(JohnTenniel)插圖、張華譯注, NTD300元 
逆插桃花: 怪談繪卷3, 李碧华, HK$47 
John Ho 少年事件: ——成長的快樂與輕狂事, JohnHo, $88 
月的另一面: 一位人類學家的日本觀察, ClaudeLévi-Strauss, NT$280 
我旅途中的男人。們, 陳克華, 380TWD 
六祖坛经 禅说 菜根谭, 蔡志忠编绘, 21.00元 
青筋: 看看手腕，誰都有條青春的筋。, 林日曦, HK$68.0 
穿著Vivienne Westwood馬甲的灰姑娘：顏忠賢+30位HI-FASHION設計師的ATTITUDE的激進, 颜忠贤, NT256 
明清檔案文書, 劉錚雲主編, NT$800 
我们不是天使, 亦舒, 9.80 
突然獨身, 葉志偉, HKD$48 
橡皮章生活雜貨, 小間敬子, NTD260 
江湖有事: 目迷·耽美（第1卷）, 马家辉, 18.00元 
FW: 永真急制, 聶永真, 96.86元 
好天气谁给题名, 仙枝, 32.80元 
我的葡萄酒生活提案, 歐菲莉‧奈曼、OphélieNeiman、亞尼斯‧瓦盧西克斯,YannisVaroutsikos, 480NTD 
逛逛書架, 陳建銘, 170 
等待香港: 永远的香港人, 林奕华, 26.00 
三个A Cup的女人, 张小娴, 16.00元 
反叛的凝視: 他們如何改變世界?: 當代美國的理想主義風景, 張鐵志、张铁志, NT$199 
論嘗試文, 黃錦樹, TWD480 
在废墟里看见罗马, 马家辉, HK$60 
第一次的亲密接触, 蔡智恒, 12.80 
猿猴志, 西西, 48.00元 
共產黨. 地方菁英. 農民: 鄂豫皖蘇區的共產革命(1922-1932), 陈耀煌, 2002 
盛夏光年, 王紀堯, 新台币199元 
电光幻影, 亦舒, 18.00元 
随想, (台湾)三毛, 11.60 
镜中爹, 张至璋, 29.00元 
病夫、黃禍與睡獅: 「西方」視野的中國形象與近代中國國族論述想像, 楊瑞松, NT280 
读者, 梁文道, 34.00元 
十年一觉电影梦: 李安传, 张靓蓓编著, 38.00元 
要多美麗，就多美麗: 亦舒系列203, 亦舒, hkd55 
神行陌路: 叶锦添的新东方主义, 叶锦添, 59.80 
台灣戰後經濟發展的源起: 後進發展的為何與如何, 瞿宛文, NTD720 
理想的下午: 关于旅行也关于晃荡, 舒国治, 27.00 
倾城: 三毛作品集10, 三毛, 13.6 
哭泣的骆驼, 三毛, 15.80元 
吻所有女孩, 亦舒, 55.00元 
香港三部曲, 施叔青, 32.00元 
可不可以不要上班, 弯弯, 19.80元 
回家真好, 欧阳应霁, 26.00 
五十年來的經學研究（1950-2000）, 林慶彰, 2003-05 
日本雜貨散步, 晴空藍, NT$220.00 
青春, 张曼娟, 16.80元 
恍惚的慢板, 柯裕棻, 96.00元 
淡之頌：論中國思想與美學, 法蘭斯瓦·余蓮（FrançoisJullien）, 2006-02-01 
旅行 從我的房間開始, 大野清美, TWD240 
綺色佳: 亦舒系列180, 亦舒, 1997 
豆芽集1, 亦舒, 20.00 
舞鶴淡水, 舞鶴, NT$240 
曼傑利斯塔姆／巴列霍, 曼傑利斯塔姆、巴列霍, NT$120 
貓咪這樣吃最健康！, 蘇菁菁, 2013-11 
爱的地下教育, 彭浩翔, 39.80元 
白马啸西风, 金庸, 1993-11 
出走,是為了愛: 第二版, 素黑, $58 
香港歌詞導賞, 黃志華、朱耀偉, 港幣78元 
一個身體兩個人, 周耀輝, HK$88 
世界将我包围, 林夕, 26.00元 
陪他一段: 洪範文學叢書96, 蘇偉貞, NT$70 
液態之愛: 論人際紐帶的脆弱, 齊格蒙·包曼(ZygmuntBauman), HK$107 
花常好月常圆人长久, 亦舒, 16.00元 
李敖有话说, 李敖, 25.00元 
关于上班这件事, 朱德庸, 27.00元 
失控的照護, 葉真中顯, NT$360 
我所爱的香港, 林夕, 25.00元 
萍踪侠影录, 梁羽生, 30.0 
白垩纪, 席慕容, 35.00元 
我的快樂天堂: 三毛全集, 三毛, 130TWD 
面包树上的女人, 张小娴, 16.00元 
半饱: 生活高潮之所在, 欧阳应霁, 34.80元 
意绵绵, 亦舒, 18.00 
两个人住: 一切从家徒四壁开始, 欧阳应霁, 29.00 
梁羽生散文: 生花妙笔侠影留, 梁羽生, 28.00元 
恋物百科全书, 李欣频, 36.00元 
桃花流水杳然去: 王鼎钧散文别集, 王鼎钧, 2014-5 
台湾念真情, 吴念真, 29.80元 
親愛的安德烈, 龍應台、安德烈, 港币85元 
樂來樂想, 焦元溥, 112.00元 
行路難, 李維怡, HK$75 
墨痕深處: 文學．歷史．記憶論集, 王德威、李歐梵, HK$138.00 
列寧的墳墓：一座共產帝國的崩潰（下卷/全兩冊）, 大衛．雷姆尼克, NT$480 
雜貨@東京, 台灣麥浩斯, 299TWD 
寒武纪, 亦舒, 18.00元 
你不相信的事, 張惠菁, NT250元 
亲爱的三毛, 三毛, 18.00元 
送你一匹马, 三毛, 18.00元 
扶桑, 严歌苓, 13.00元 
盛夏光年, 王纪尧, 23.80元 
雨季不再来, 三毛, 28.00元 
都在书生倦眼中, 苏伟贞, 27.00元 
黑白异境, 幾米, 28.00 
未央歌, 鹿桥, 58.00 
地下紐約: 一個社會學家的性、毒品、底層生活觀察記, 蘇西耶.凡卡德西(SudhirVenkatesh), NT$360 
不羁的风, 亦舒, 16.00元 
祖父的六抽小柜, 杨凯麟, 45.00元 
香港：大英帝國殖民時代的終結, 珍．莫里斯(JanMorris), 2006-7 
孤獨前哨: 太平洋戰爭中的香港戰役, 鄺智文、蔡燿倫, HKD108.00 
弃的故事, 骆以军, 36.00元 
經驗匱乏者筆記: In Search of Lost Time, 駱以軍, 非賣品 
我读2, 梁文道、何亮亮, 32元 
人淡如菊, [加]亦舒, 19.00元 
魂牵, 龙应台, 12.5 
情未了: 大陆再次推出亦舒散文集《意绵绵》、《情未了》, 亦舒, 18.00元 
我的宝贝: 三毛全集(13), 三毛, 16.60 
哈佛諾頓講座之大師與門徒, 史太納(GeorgeSteiner), 新台幣250元 
特别的一天, 吴念真, 28.00元 
英子的乡恋, 林海音, 29.00元 
十二味生活设计: 遇见日本创作大师, 林怡芬, 36.00元 
楚留香传奇, 古龙, 100.00元 
天上所有的星, 亦舒, 18.00元 
星星的孩子, 葛蘭汀, NT$220 
一点旧一点新, 亦舒, 18.00元 
胭脂, [香港]亦舒, 9.80 
秦俑, 李碧华, 6.6 
画中有话: 近代中国的视觉表述与文化构图, 黄克武, 新台币500元 
魔术时刻, 苏伟贞, 28.00元 
异乡人, （香港）亦舒, 9.80 
噪音太多, 梁文道, 30.00 
茶餐時光, 銘予, HKD38.00 
地下铁, 幾米, 32.00元 
一个人, 网络与书编辑部, 38.00 
小紫荆, 亦舒, 18.00元 
心, 董啟章, NT$360 
恨煞, 亦舒, 19.00元 
剪刀替针做媒人, 亦舒, 18.00元 
无爱纪, 许子东主编, 24.00元 
衝出冰河紀, [法]尼古拉·德魁西（NicolasdeCrécy）, NT$350 
等一个人咖啡, 九把刀, 18.00元 
建築電影學: 电影中空间类型的比较与解读, 李清志, NT$240 
孤独六讲, 蒋勋, 36.00元 
61×57, 王文华, 19.00元 
Hou Hsiao-hsien, Collectif, NT$250 
稻草人手记, 三毛, 18.00元 
當代史學研究的趨勢、方法與實踐: 從新文化史到全球史, 蔣竹山, 450 
红颜露水, 张小娴, 18.00元 
乐未央, 亦舒, 18.00元 
小電影學: 電影複像、轉場換景與隙縫偷渡, 劉永晧、林曉郁[設計]、陳志宇[協力], NT360 
自己幹文化：九零年代的派對與革命, 喬治‧馬凱（GeorgeMcKay）等, 新台币三八○元 
風滿樓, 亦舒, 香港天地图书 
教养可以这么浪漫, 李伟文, 29.80元 
形塑歷史: 政治變遷如何被敘述, 茉莉·安德鲁斯（MollyAndrews）, NT$300 
荷包里的单人床, 张小娴, 12.00元 
只剩一个角落的繁华, 陈文茜, 35.00元 
蔡康永的说话之道, 蔡康永著、熊宝插图, 25.00元 
月亮忘記了, 幾米, NT$299 
背影, 三毛, 160TWD 
生命的不可思议: 胡因梦自传, 胡因梦, 28.00元 
地下乡愁蓝调, 马世芳, 34.00元 
海水正蓝, 张曼娟, 18.0 
吾爱梦工场: 蔡澜的电影现场, 蔡澜, 39.80元 
一峰一人一結他, 林一峰, HK$90.0 
反美學, 賀爾．福斯, NT$260 
吃南瓜的人, 亦舒, 16.00元 
悄悄的一线光, 亦舒, 18.00元 
一把青云: 亦舒系列113, 亦舒, hkd42 
書房的16種遊戲, 曲家瑞企畫, NT$320 
如何寫歷史, 理查．馬里厄斯, NT$320 
欢喜贼, （台湾）张大春, 14.80 
同性戀性史, 劉達臨, NT$499 
白话史记（上下）, 司马迁, 平4.30精5.80 
從拓跋到北魏: 北魏王朝創建歷史的考察, 張繼昊, NT320 
革命青春: 高校1968, 四方田犬彥, 2016-10-20 
青天白日旗下民國海軍的波濤起伏（1912-1945）, 金智, NT$660 
一个人的KTV, 刘若英, 26.00元 
想念: 张小娴散文精选集, 张小娴, 25.00元 
慢慢走, 王盛弘, 32.00元 
波灣戰爭不曾發生, 布希亞, NT$180 
大人的旅行記錄法, 樋口聰, NT$199 
嘘, 亦舒, 18.00元 
红颜已老, 苏伟贞, 12.00元 
也是香港人──七字頭的新移民誌, 梁以文、郭儉、趙寧志、黃思存、金曄路、陳美紅、張為群, 60 
文化想像與意識形態: 當代香港文化政治論評, 陳清僑, 1997 
创意市集2·玩心大发: 伦敦市集13位艺术家/设计师访谈录, 王怡颖, 28.00元 
經濟大蕭條時期的夢遊街, 駱以軍, 70.00元 
认得几个字, 张大春, 46.00 
特首小姐你早, 亦舒, 18.00元 
在黑暗的河流上, 席慕蓉, 20.00 
神雕侠侣, 金庸, 76.80元 
射鵰英雄傳: （全四册）, 金庸, HK$160 
鬧學記, 三毛, 220TWD 
我，睡了，81个人的沙发, 连美恩, 39.80元 
西岸陽光充沛: 西岸阳光充沛, 亦舒, 55 
就是想回家, Purple, NTD350.00 
眾聲喧嘩以後: 點評當代中文小說, 王德威, 新台币380元 
九降风, 纪培慧、林书宇、蔡宗翰原著故事, 28.00 
倚天屠龙记(共四册), 金庸, 0 
每一次相遇都是奇迹, 吴淡如, 39.80元 
蔡康永爱情短信: 未知的恋人, 蔡康永, 29.80元 
好书太多，时间太少, 莎拉．尼爾遜（文）張妙如（圖），譯／施清真, 112.00元 
白玉老虎（上下）, 古龙, 38.00元 
万水千山走遍, 三毛, 13.80 
突然十年便过去: 像永远在转圈圈的笔划, 周耀辉, 36.00元 
哲學家與狼, MarkRowlands, NT$320 
重讀石頭記, 余國藩, NT$480 
北京法源寺, 李敖, 20.00元 
6868，一起蹺班去: 彎彎塗鴉日記 2, 弯弯, NT$250.00 
此一時也彼一時也, 亦舒, 2004 
忽爾今夏, 亦舒, 1988 
手寫英文書法聖經: 從握筆、筆順到數字、符號，全方位掌握藝術美字書寫技法, JulienChazal, NTD665 
向左走·向右走, 幾米, 16.00元 
教育應該不一樣, 嚴長壽, NT$330 
厨房里的人类学家, 庄祖宜, 38.00元 
笔逗言, 何欣穗, 新台币240元 
青花瓷, 方文山, 29.00元 
拉岡與李維史陀: 1951-1957 回歸佛洛伊德, MarkosZafiropoulos、馬可．薩菲洛普洛斯, NT$350 
始皇(01), 鄭問, 200元 
我想跟你走, 刘若英, 25.00元 
京都漫遊帖: 12個月的愛戀記憶, 甲裴みのり, NT$280 
绝对小孩, 朱德庸, 28.00元 
吃马铃薯的日子, 刘绍铭, 15.00元 
殺手，迴光返照的命運, 九把刀, NTD260 
kieslowski 奇斯洛夫斯基: 10th Anniversary Special Edition, Wierzbicki, 128 
曹魏時期中央政務機關之研究: 兼论曹操与司马氏对政制之影响, 黃熾霖, 144.40元 
全球反恐戰爭, 張錫模, NT380 
曼陀罗, 亦舒, 1982 
令我討厭的涂爾幹的《社會分工論》, 孫中興, 2008年10月13日 
私房書, 簡媜, NTD200.00 
艺术.自然.自我: 克利日记选, 保罗·克利, 6.50 
香港模式: 從現在式到過去式, 呂大樂, HK$98.00 
裙子底下的劇場, 上野千鶴子, 時報出版 
时光九篇, 席慕蓉, 18.00元 
我很好, 柯裕棻, 25.00 
革命狂潮與化學家: 拉瓦锡、氧气、断头台, Bell,MadisonSmartt, NT$260 
一生承教, 小思, HK58 
晚宋朝臣對國是的爭議: 理宗時代的和戰、邊防與流民, 黃寬重, NTD80.00 
她, 胡晴舫, 15.00元 
認識分子廚藝: 顛覆傳統美食體驗的料理革命: 顛覆傳統美食體驗的料理革命, 艾維．提斯This,Hervé, NT$350 
倒数第2个女朋友, 王文华, 19.00 
变形纪·找自己, 阿雅（柳翰雅）, 29.80 
雙身（作品集珍藏經典版）, 董啟章, NT210 
同门, 亦舒, 16.00元 
宇宙．諸神．人: L’Univers, les dieux, les hommes, Jean-PierreVernant, NT$260 
直至海枯石爛, 亦舒, hkd55 
性史2006 : 16篇真實性告白: 【dala 009】, 大辣編輯部∕著, 定價:NT$250|特價:NT$200 
七种武器（全三册）, 古龙, 56.00元 
香雪海, （香港）亦舒, 9.80 
我折叠着我的爱, 席慕蓉, 18.00元 
巧克力全書, 露莎妲，譯／林怡君, NT$450 
二十世紀的巴黎, 儒勒·凡尔纳(JulesVerne), NT$220 
小玩意, （香港）亦舒, 9.80 
最好的时光: 侯孝贤电影纪录, 朱天文, 30.00元 
蟬: 文學叢書4, 林懷民, NTD220 
方道·文山流, 方文山, 29.80元 
慢行。不丹: 走進幸福密境, 關於愛與慈悲的旅行, 葉孝忠, NT$360 
魔法蛋糕店: 魔法蛋糕店, 张小娴, 16.00 
永不永不说再见, 张小娴, 25.00元 
西洋哲学故事, 威尔．杜兰, 1980 
設計生活市集901, 三采文化, NT$299.00 
圆月弯刀, 古龙, 25.00元 
四部曲, 亦舒, HKD$60.00 
窗里窗外, 林青霞, 88.00元 
藍調石牆T, LeslieFeinberg, 25.00 
蛋白质女孩, 王文华, 14.80 
好房子法則: 小坪數的難題，他們最懂；蓋房子的設計，他們想得最細。日系動線、格, 黑崎敏, NT$460 
檞寄生, 蔡智恒, 19.80元 
人體素描聖經: 素描就是觀看，畫出傳神寫照的12堂課, 安德魯‧路米斯, NT$500 
承認你的愛, 卓韻芝, HK$78 
木與夜孰長, 陳傳興, NT220 
英、日語同步Anki自學法: 我是靠此神器，最短時間通過日檢N1、多益975分, 简群（ChunNorris）, 320.00元 
尚未打烊: 散文, 亦舒, 55.00 
你们 我们 他们: 幾米作品精选集08, 幾米, 25.00 
香港电影史, 赵卫防, 39.00元 
唐滌生的文字世界 ─ 仙鳳鳴卷, 楊智深, HK$82.00 
台北人, 白先勇, 38.00元 
收到你的信已经太迟, 张小娴, 20.00元 
公主徹夜未眠, 成英姝, NTD230 
满洲国妖艳-川岛芳子, 李碧华, 7.70元 
美嬌嬝, 亦舒, 49.00 
新不如舊: 香港舊事返照, 陳雲, HK$50.00 
帝国主义, 汉娜•阿伦特, NT$250.00 
武林外史（上下）, 古龙, 46.0 
最好的時光 01, 黃承恩EKEE、張詠妍WWWINGGG, $58 
撒哈拉的故事, 三毛, 160TWD 
怎麼有人研究這個: 法醫昆蟲學家的搞笑諾貝爾報告, 馬克．班內可MarkBenecke, 莊仲黎 
這種問題你也敢問, 菲利浦．米雷諾(Milano,PhillipJ.), NT250 
一直不鬆手, 毛尖, HK$88 
笑傲江湖（全四册）, 金庸, 76.80元 
從地獄到仙境: 漢人民間信仰的多元面貌, 康豹, NT$450 
巴黎味, Le Gout de Paris, 曹嘉玲, NT$320.00 
微憂: 那些無事在台北走路時想起的小事, 王文娟, 72.00元 
面包树出走了: 新经典文库, 张小娴, 14.00元 
陳寅恪之史學, 李玉梅, 1998 
丑陋的中国人, 柏杨, 23.80元 
光的故事, 沈寇維茲, NT$270 
连环, 亦舒, 12.00元 
洛神红茶（痞子蔡）, 蔡智恒, 17.80 
往事如真II 忘記他, 林燕妮, HK$65 
我的错都是大人的错, 幾米绘, 29.00 
陆小凤传奇, 古龙, 94.00元 
创意市集: 伦敦市集16位艺术家/设计师访谈录, 王怡颖, 25.00元 
楼下的房客, 九把刀, 19.80元 
台湾创意百科—广告创作·1, 杨宗魁, 98 
中國經學研究的新視野, 林慶彰, NTD360 
多情剑客无情剑(上、中、下), 古龙, 49.8 
海東青(新版), 李永平, 800NT 
我们台湾这些年: 一个台湾青年写给13亿大陆同胞的一封家书, 廖信忠, 29.80元 
歷史與制度——漢代政治制度試釋: 漢代政治制度試釋, 廖伯源, 120.00元 
哨鹿, 西西, NT$200 
暖暖, 蔡智恒, 19.90元 
银女, 亦舒, HKD45 
教養, DietrichSchwanitz, 990元 
没有月亮的晚上, （香港）亦舒, 9.80 
饮食男女A-Z, 林郁庭著、欧笠嵬绘, 28.00 
Straightly gay 一直‧攣, 梁兆輝, HK$88 
无怨的青春: 席慕蓉诗集, 席慕蓉, 18.00元 
浮城志异: 香港小说新选, 艾晓明编, 7.60 
茶果子, 陳明裡, NT$88 
我的心中每天开出一朵花, 幾米, 24.00元 
貓咪，請原諒我, 佐野洋子, 2016-6-27 
飞狐外传(上下), 金庸, 23.00元 
天界之文: 魏晉南北朝靈寶經典研究, 謝世維, NT350 
北歐:湖與童話繽紛的王國(彩圖版), 李欣頻, NT$250 
戰亂與革命中的東北大學, 張在軍, NT$550 
老祖母的家傳食譜: 收藏十三國的家常食滋味, 來自食物的鄉愁是心頭最入味的美饌, 袁皖君, 380元新台币 
班雅明作品選: 单行道 柏林童年, 瓦爾特．班雅明　李士勛．徐小青譯, NT$300 
北歐:冰與陽光最美的戀情(彩圖版), 李欣頻, NT$250 
时光词场, 张曼娟, 20.00 
德勒茲．巴洛克．全球化, 萬胥亭, 250TWD 
愛別離, 钟文音, 380 
红耳坠, 李碧华, 23.00元 
教我心醉，教我心碎, 關子尹, 關子尹 
痖弦诗选: 台湾香港新诗窗, 痖弦著、周良沛选编, 0.78 
是或一點也不, 黃國峻, 220TWD 
跟著谷崎潤一郎遊京阪神: 唯美.頹廢.情慾, 陳銘磻, 2014-4 
我深愛的雷奈、費里尼及其他, 李幼鸚鵡鵪鶉, 2013-1-29 
卖海豚的女孩: 一号多书, 张小娴, 15.00元 
大人物的变态心理, 戚文、高洪兴, 8.00元 
痛到癲1, DavidBeauchard, 2004 
从现象学到后现代, 蔡铮云, 19.00元 
没有故事的故事: 侯麥的電影世界, 帕斯卡.博尼澤（BonitzerPascal）, NT$250 
漫画教学后天美女养成班——magic保养书, KadokawaSscommunications, 220台币 
森林唱游, 幾米, 25.00元 
夢想晚典名, 陳漢典, 112.00元 
日本神社事典: 進入神話傳說與神靈隱身之所, 外山晴彥, NT350 
征服王朝論文集, 魏復古等, NT270 
倚天屠龙记, 金庸, 76.80 
文化载具：博物館的演進腳步, 徐純, NT500 
海外黑名單相關人物訪談錄, 歐素瑛,林正慧,黃翔瑜訪問記錄, 新台幣450元 
又寂寞又美好, 幾米, 45.00元 
男痴女迷, 林燕妮, 14.80 
流浪的面包树, 张小娴, 15.00元 
書本的危機, 安東尼．葛睿夫頓、AnthonyGrafton, NT280 
愛上圖書館, 王岫, NT250.00 
廣告X媒體: 廣告101 II, 吳博林, 88 
蓝石头, 幾米, 36.00元 
射雕英雄传（全四册）, 金庸, 47.00元 
中外文學關係論稿, 李奭學, 2015-1 
有貓在歌唱, 陳麗娟, 2010 
叛逆年代, 刘轩, 16.00 
說書人：閱讀與評論合集, 董啟章、編, 1996 
这一切都是因为我想死, 张亚辉, NT250元 
萧十一郎, 古龙, 19.00元 
幸福非必然, 馬家輝、梁文道、邵家臻、鄧明儀、趙來發、程翠雲、葉兆輝等, HK$58.00 
綠色生活家: 樂活地球, 熱愛生活, 莉貝卡．唐克瑞(Tanqueray,Rebecca), NTD250.00 
蝴蝶过期居留, 张小娴, 15.00元 
物質文化, TimDant, TWD300.00 
那些年，我们一起追的女孩, 九把刀, 20.00元 
臺灣人文出版社30家, 封德屏主編, 定價450元 
飲食與愛情: 東方與西方的文化史, 傑克·顧迪（JackGoody）, NT$350 
林清玄散文, 林清玄, 12.1 
今日，何謂歷史?: 開創性的歷史學研究方向, DavidCannadine, 330元 
信仰或非信仰－哲學大師與樞機主教的對談, 安伯托.艾可(UmbertoEco)、卡羅.馬蒂尼(CarloMariaMartini), NT$180 
愛的自由式: 女同志故事書, 張娟芬, NTD380元 
十四堂人生创意课, 李欣频, 26.00 
知識分子的省思與對話, 王汎森, 350元 
流星·蝴蝶·剑, 古龙, 25.00元 
我怎麼稱呼我們之間過去的一切？, 阿多尼斯, 15 
京都學派哲學七講, 吳汝鈞, 80.00元 
年鑑學派管窺, 賴建誠譯, NT$250 
光环与阴影: 黄春光、胡生、金靖宇、李卫平、柯马凯口述史, 米鹤都, HKD110 
創造歷史: 社會理論中的行動、結構與變遷, 艾力克斯·柯林尼可斯（AlexCallinicos）, 450TWD 
金锁记, 张爱玲, 13.5元 
法谚, 郑玉波, 25.00元 
清代的國際貿易: 白銀流入、貨幣危機和晚清工業化, 李隆生, 152.00元 
精神分析的發展, 費倫齊、巒克, NT$320 
miao雜誌: 果凍號, 張妙如, 2001 
秘密假期, 蔣勳, 320TWD 
香港明信片精选:1940''s-1970''s, 郑宝鸿, 320 
天龙八部, 金庸, 96.0 
照相本子: The Moments, 幾米, TWD480 
哀傷浮游, 黃色書刊, NT$240 
香港有文化——香港的文化政策(上卷), 陳雲, HK$128 
美丽达人, 吴佩慈, 28.00元 
楚留香新传1：借尸还魂, 古龙, 24.00元 
蔡慧贞@台湾设计力, 蔡慧贞, 48.00 
斗鱼, 洛心, 16.80 
北宋黨爭研究, 羅家祥, CNY267.00 
論博物館學, 張婉真, NT$250 
仿佛, 张曼娟, 15.00 
我的男人是爬虫类, 张曼娟, 11.80 
鹿鼎记（全五册）, 金庸, 108.00元 
笑傲七十年-李敖有话说纪念典藏版（全八册）: 李敖有话说, 李敖, 200.00元 
光影的長河: 影史百大經典華語電影, 台北金馬影展執行委員會, NT$600 
「樣板戲」的政治美學, 李松, 450新台币 
战国文字构形研究, 陈立, 2012-3 
兩晉時期西南地區與中央之關係, 胡志佳, 1988 
動物園台灣出巡, 黎達達榮, NT280 
后西游记: 黑孩儿与牛魔王, 蔡志忠, 8.60 
性別與移動：日本與臺灣的亞洲新娘, 邱琡雯, NTD350 
怪物描寫, 陳子謙, 2009-10 
连城诀, 金庸, 12.00 
分·裂=无限可能—我还是我，曾沛慈, 曾沛慈, TWD349.00或者HKD116.00 
甜點革命, 廖敏雲, 2005年1月30日 
人间烟火, 张曼娟, 14.60 
美德: 自然史三部曲前言後語, 董啟章、梁偉恩　繪, NTD280 
中國研究的規範認識危機: 論社會經濟史中的悖論現象, 黃宗智, HKD280元 
走向南方: 唐宋之際自北向南的移民與其影響, 顾立诚, 40.00 
本土論述 2008, 王慧麟、梁文道、馬家輝與新力量網絡, HK$80 
香港老照片, 劉天賜、丘世文、文潔華, 1999 
天書impossible 論香港的中國文化教育, 胡恩威、陳雲、劉國英, HK$70.00 
雪山飞狐, 金庸, 0 
春藥, 克羅迪亞˙米勒－艾貝林、克里斯欽˙瑞奇, 1998年04月28日 
黑太陽: 抑鬱症與憂鬱, 克里斯德瓦(JuliaKristeva), 2008-9-12 
B栋11楼, 藤井树, 18.00 
京都原來如此: 千年古都的風俗、習慣、飲食文化解謎, 博學堅持俱樂部, 遠足文化 
杨桃文化·新手食谱系列 29, 颜金满等, 10.00元 
今宵酒醒何處, 蔣勳, 160台幣 
触发创意的博物馆: 善用博物馆激发创意思考, AlanGartenhaus, 五观艺术管理有限公司 
巴利學引論-早期印度佛典語言與佛教文獻之研究: 早期印度佛典語言與佛教文獻之研究, 蔡奇林, NT600.00元 
半生缘, 张爱玲, 28.00元 
香港中產階級處境觀察, 呂大樂、王志錚, 三聯書店（香港） 
昨日历历晴天悠悠, 吴淡如, 12.00 
她睡著時他最愛她, 陳雪, 92.00元 
宮崎駿論：眾神與孩子們的物語, 杉田俊介（sugitasyunsuke）, 480元新台币 
爱尔兰咖啡, 蔡智恒, 14.80元 
欺矇的戰略（Stratégie de la Déception）, 保羅‧維希留（PaulVirilio）, 2004年 
经史考据: ——从《诗》《书》到《史记》, 何志华, 113.00元 
西西游碑林, ,  
江湖夜雨十年灯（上下）, 诸葛青云, 8.10 
影像地誌學: 邁向電影空間理論的建構, 顏忠賢, NT$210 
夏飘雪, 洛心, 16.00元 
亂迷（第一卷）, 舞鶴, NT$340.00 
如影隨形: 影子現象學, 河合隼雄, NT$260 
度外, 黃國峻, 88.00元 
韓國朝鮮時期詩經學研究, 金秀炅, NTD360 
火宅之猫, 张曼娟, 12.60 
史丹利一定要热血, 史丹利, 18.00元 
我的心中每天开出一朵花, 幾米, 40.00元 
台湾小吃料理王, 張國榮、曾文燦, TWD300.00 
符號的想像：巴特評論集(二), 羅蘭．巴特, 250TWD 
從新馬到韋伯, 丁学良, 280元 
论亚里斯多德《创作学》, 王士仪, NT360 
現在詩日曆: PoetryNow Calendar 2008, 零雨, NTD299. 
亞理斯多德《創作學》譯疏, 亞理斯多德, NT$550 
永久居留, 2009, NT$850 
亲爱的风流人物: 58位港台妙人素描, 李怀宇, 20.00元 
金庸笔下的人生, 倪匡, 18.20 
[辶日]迌: 李永平自選集, 李永平, NT$380 
香港性別論述: 從屬．不公．差異．越界, 陳潔華、王惠玲, NT$600 
蔣中正遷台記, 陈锦昌, NT$330元 
世變與維新: 晚明與晚清的文學藝術, 胡曉真, TWD550.00 
鬼狐仙怪――三生三世, 蔡志忠, 4.90 
啊﹗這就是香港, 空氣, HK$78.00 
殷墟甲骨卜辞语序研究: 大陆地区博士论文丛刊, 沈培, 200 
權力的剖析, 加爾布雷斯, 170TWD 
紫色平原, 亦舒, 19.00元 
鄰居太太的情人, 亦舒, NT$200 
西夏佛教史略, 史金波, 新台币400 
撼動柏林圍牆: 布魯斯．史普林斯汀改變世界的演唱會, 艾瑞克．克許朋, NT$350 
我姐姐是位咖啡師傅: STARBUCKS大品牌故事, JOHNSIMMONS[約翰西蒙斯], HK$68.00 
一面追風，一面追問: 大陸近二十年書業與人物的軌跡, 俞曉群, TWD240 
巴伐利亞的藍光: 一個台灣女子的德國日記, 陳玉慧, 2002 
宋代三禮學研究, 吳萬居, 1999-5-1 
溫德斯的電影旅程: 賽璐珞公路, 亞歷山大．葛拉夫, NT380 
敦煌语丝, 金耀基, 20.00元 
呂赫若小說全集, 呂赫若, NT350 
这城市, 藤井树, 16.80元 
雨衣, 蔡智恒, 13.80 
關電台司令什麼事啊, 小樹, 2008 
鼠咀集——世紀末在美國, 喬志高, 1991-08-30 
貧窮創新: 印度改变世界, 萧富元, 2008-5-7 
走出政府總部: 做個快樂的抗爭者, 陳雲, $88 
心灵的四季, 刘墉, 11.00 
最近比較煩：一個哲學思考, 拉斯·史文德森、LarsSvendsen, NTD240元 
常備菜: 跟著凱倫作四季皆宜的冷暖食料理, 许凯伦, 380 
遇见大师流泪, 陳玉慧, 2005.10.24 
ＲＩＶＥＲ’Ｓ５４３: 槍林彈雨之卷, RIVER, 71.60元 
巴黎文學散步, 鹿島茂, NTD280.00 
動物戀網頁事件簿, 何春蕤, 2006 
汉初的政治局势论析, 林岳枢, 2010-3 
打开设计师的创意百宝箱, 書籍編集部, 212 
書裡的風景, 愷蒂, 20030401 
嗨！克莉特絲: The Clitourist:a guide to on, 凱倫.莎、KarenSalmansohn, 2005年11月17日 
遇见未知的自己, 张德芬, 29.00 
城邦暴力團＜參＞, 張大春, NT$200 
想像书, 曹志涟, NTD贰佰肆拾圆整 
不一样的景观, 2009-8, 28.00元 
找不到出口的靈魂, 奈格爾．尼可森　洪凌譯, NT$230 
穿越仇恨的黑暗, 北岛, 29.80 
柯比意－城市．烏托邦與超現實主義, 徐明松, 20020701 
臺灣爵士光譜, 張翔一, NT.350 
萬歲, 鄭問, 130元 
鬼狐仙怪--周醋除三害.绿和尚, 蔡志忠, 4.20 
比較哲學與文化, 吳森, 1988-3-1 
經史子集：翻譯、文學與文化劄記, 李奭學, NT$450 
現代地理思想, RichardPeet, NT$600 
書話中國與世界小說: 台灣觀點, 李奭學, 新台币250 
不能和妈妈说的事, 曾宝仪宝妈, 20.00 
阿鼻劍(一)---尋覓, 鄭問, 120元 
蒙塔萊／洛爾卡: 歐洲經典詩選叢書, 蒙塔萊、洛爾卡, 2001-12-01 
論語今註今譯, 毛子水註譯, NT350 
純粹力動現象學, 吳汝鈞, NT$890 
無巧不成書, 黎紫書, 57.00元 
搖頭花, 大D，小D, NT$240 
当电影遇上爵士, 陳榮彬, NT$250 
神與哲學, 愛迪安．吉爾松(Gilson,Etienne), 新台币200 
倾城之恋, 花城出版社, 11.00 
數字與玫瑰, 蔡天新, 20040702 
孔雀男与榴梿女, 王迪詩、潘惠森, HK$68.00 
郎咸平帶你重讀經典資本論與國富論, 郎咸平、楊瑞輝, 2013-3-6 
WITTY DESIGN OBJECTS 紐約下城創意設計, 莊卉家DellaChuang, 20070115 
春秋岁月-陈香梅自传, 陈香梅, 29.00元 
俄國的藝術實驗, GRAY,CAMILLA著曾長生　譯, NT$400 
錯過了最盛放的花火, Mya, 2007 
聽說: 九歌新版, 鍾怡雯, NT$220 
本世紀以來出土簡帛概述, 骈宇骞段书安, 114.00元 
神話學辭典: KNAURS LEXIKON DER MYTHOLOGIE, 葛哈德·貝林格, 650 
爱的八日流浪, 郑华娟, 24.80元 
和小星說童話: 皇冠童書鋪8, 駱以軍, NT$130 
唐代的比丘尼, 李玉珍, TWD200 
鉛筆素描の形狀、空間、立體感, 星惠三、北村真行、田中辰秀、戶坂明日香, NT320 
紅線, 九把刀, NT$200 
細菌的世界, 徐明達, NT$320 
老子讀本, 老子, 45.60元 
小王子的記憶寶盒, 尚皮耶‧圭諾(Jean-PierreGueno), NT499 
民主戲一場: 香港文化與現實政治, 陳雲, 2007 
故我猶在—香港山居憶舊, 陳雲, 2003 
Colorful dreams, Vofan, NT$450 
白玉雕龙, 古龙、申碎梅, 25.00元 
茶具, 宋博胤, NT$350 
2006台灣不可思議新聞大百科, 自轉星球編輯室, 365台币 
香港天后崇拜, 廖迪生, HK$120 
濱田彌兵衛事件及十七世紀東亞海上商貿, 林景淵, TWD380.00 
序類之關於: 當代先鋒小說讀本, 杜冰冰, 50港幣 
馴服與抵抗: 十位校園女菁英拉子的情慾壓力, 張喬婷, 2000 
民主的弔詭, 珊妲．慕孚（ChantalMouffe）, NT180 
新編東方國語辭典, 李旭昇, 790.00NTD 
遇见西藏: 心灵朝圣之旅, 邱常梵, 36.80元 
翼手龙与小青蛙, 蔡智恒, 12.8 
澗邊幽草: 心理治療的藝術, 王溢嘉編著, NT$200 
从零开始, 黄丽玲, $25.50 
斗鱼Ⅱ, 洛心, 18.00 
男X男星座 牡羊: 指男針A006, sm101010, 2008年12月25日 
